dr,method,n,mean_acc,std_acc,mean_f1,std_f1,bad_run_rate,mean_early_cos,mean_early_neg_frac
0.7,fedavg,3,0.5196078431372549,0.1631145405095572,0.5068096761120017,0.29631617504393115,0.6666666666666666,0.009708951220899405,0.0
0.7,fedgeo,3,0.5196078431372549,0.1631145405095572,0.5068096761120017,0.29631617504393115,0.6666666666666666,0.00969659888263171,0.0
0.9,fedavg,3,0.47794117647058826,0.1944169805397249,0.3978805731721367,0.4089052149141449,0.6666666666666666,0.06113039495216476,0.0
0.9,fedgeo,3,0.47875816993464054,0.19408195189075272,0.39710514846162076,0.4089677842625939,0.6666666666666666,0.060822050604555346,0.0
