dr,method,n,mean_acc,std_acc,mean_f1,std_f1,bad_run_rate,mean_early_cos,mean_early_neg_frac,mean_early_align
0.7,fedavg,8,0.6997549019607843,0.04655941232722321,0.7844545444848612,0.06786147008293053,0.125,0.005461572305648588,0.41666666666666663,0.4982687098284563
0.7,fedgeo,8,0.6982230392156863,0.046934606058211585,0.7829754475884723,0.06839043647036264,0.125,0.005364052495375898,0.41666666666666663,0.49821650981903076
0.9,fedavg,8,0.6084558823529411,0.1374282993350369,0.6554252823943348,0.2746187368474007,0.375,0.057392600302894906,0.3333333333333333,0.5199611745774746
0.9,fedgeo,8,0.6032475490196079,0.1405262261966784,0.6438375998097533,0.28453469681367005,0.375,0.05565401559276022,0.375,0.5184383528927962
